Workbook

Sheet Dashboard
B2: 📊 LOAN APPROVAL EXECUTIVE ANALYTICS DASHBOARD
B3: Portfolio Risk Assessment, Application Metrics & Segment Performance Overview
B5: TOTAL APPLICATIONS | D5: APPROVED | E5: REJECTED | F5: APPROVAL RATE | H5: AVG CREDIT SCORE | J5: AVG LOAN AMOUNT
B6: =COUNT(Raw_Data!M2:M1001) | D6: =COUNTIF(Raw_Data!M2:M1001, 1) | E6: =COUNTIF(Raw_Data!M2:M1001, 0) | F6: =D6/B6 | H6: =AVERAGE(Raw_Data!E2:E1001) | J6: =AVERAGE(Raw_Data!J2:J1001)
B8: 📌 APPLICATION DECISION SPLIT | F8: 🎯 LOAN PURPOSE PERFORMANCE BREAKDOWN
B9: Decision Status | C9: Applicants | D9: Share (%) | F9: Loan Purpose | G9: Total Applied | H9: Approved | I9: Rejected | J9: Approval Rate | K9: Avg Loan Amt
B10: ✅ Approved | C10: =COUNTIF(Raw_Data!M2:M1001, 1) | D10: =C10/$B$6 | F10: Car Loan | G10: =COUNTIF(Raw_Data!R2:R1001, 1) | H10: =COUNTIFS(Raw_Data!R2:R1001, 1, Raw_Data!M2:M1001, 1) | I10: =G10-H10 | J10: =H10/G10 | K10: =AVERAGEIF(Raw_Data!R2:R1001, 1, Raw_Data!J2:J1001)
B11: ❌ Rejected | C11: =COUNTIF(Raw_Data!M2:M1001, 0) | D11: =C11/$B$6 | F11: Education Loan | G11: =COUNTIF(Raw_Data!S2:S1001, 1) | H11: =COUNTIFS(Raw_Data!S2:S1001, 1, Raw_Data!M2:M1001, 1) | I11: =G11-H11 | J11: =H11/G11 | K11: =AVERAGEIF(Raw_Data!S2:S1001, 1, Raw_Data!J2:J1001)
F12: Home Loan | G12: =COUNTIF(Raw_Data!T2:T1001, 1) | H12: =COUNTIFS(Raw_Data!T2:T1001, 1, Raw_Data!M2:M1001, 1) | I12: =G12-H12 | J12: =H12/G12 | K12: =AVERAGEIF(Raw_Data!T2:T1001, 1, Raw_Data!J2:J1001)
F13: Personal Loan | G13: =COUNTIF(Raw_Data!U2:U1001, 1) | H13: =COUNTIFS(Raw_Data!U2:U1001, 1, Raw_Data!M2:M1001, 1) | I13: =G13-H13 | J13: =H13/G13 | K13: =AVERAGEIF(Raw_Data!U2:U1001, 1, Raw_Data!J2:J1001)

Sheet Raw_Data
A1: Applicant_Income | B1: Coapplicant_Income | C1: Age | D1: Dependents | E1: Credit_Score | F1: Existing_Loans | G1: DTI_Ratio | H1: Savings | I1: Collateral_Value | J1: Loan_Amount | K1: Loan_Term | L1: Education_Level | M1: Loan_Approved | N1: Employment_Status_Salaried | O1: Employment_Status_Self-employed | P1: Employment_Status_Unemployed | Q1: Marital_Status_Single | R1: Loan_Purpose_Car | S1: Loan_Purpose_Education | T1: Loan_Purpose_Home | U1: Loan_Purpose_Personal | V1: Property_Area_Semiurban | W1: Property_Area_Urban | X1: Gender_Male | Y1: Employer_Category_Government | Z1: Employer_Category_MNC | AA1: Employer_Category_Private | AB1: Employer_Category_Unemployed | AC1: DTI_Ratio_sq | AD1: Credit_Score_sq
A2: 17795 | B2: 1387 | C2: 51 | D2: 0 | E2: 637 | F2: 4 | G2: 0.53 | H2: 19403 | I2: 45638 | J2: 16619 | K2: 84 | L2: 1 | M2: 0 | N2: 1 | O2: 0 | P2: 0 | Q2: 0 | R2: 0 | S2: 0 | T2: 0 | U2: 1 | V2: 0 | W2: 1 | X2: 0 | Y2: 0 | Z2: 0 | AA2: 1 | AB2: 0 | AC2: 0.2809 | AD2: 405769
A3: 2860 | B3: 2679 | C3: 46 | D3: 3 | E3: 621 | F3: 2 | G3: 0.3 | H3: 2580 | I3: 49272 | J3: 38687 | K3: 48 | L3: 0 | M3: 0 | N3: 1 | O3: 0 | P3: 0 | Q3: 0 | R3: 1 | S3: 0 | T3: 0 | U3: 0 | V3: 1 | W3: 0 | X3: 1 | Y3: 0 | Z3: 0 | AA3: 1 | AB3: 0 | AC3: 0.09 | AD3: 385641
A4: 7390 | B4: 2106 | C4: 25 | D4: 2 | E4: 674 | F4: 4 | G4: 0.2 | H4: 13844 | I4: 6908 | J4: 27943 | K4: 72 | L4: 0 | M4: 1 | N4: 1 | O4: 0 | P4: 0 | Q4: 1 | R4: 0 | S4: 0 | T4: 0 | U4: 0 | V4: 0 | W4: 1 | X4: 0 | Y4: 1 | Z4: 0 | AA4: 0 | AB4: 0 | AC4: 0.04 | AD4: 454276
A5: 13964 | B5: 8173 | C5: 40 | D5: 2 | E5: 579 | F5: 3 | G5: 0.31 | H5: 9553 | I5: 10844 | J5: 27819 | K5: 60 | L5: 0 | M5: 0 | N5: 1 | O5: 0 | P5: 0 | Q5: 0 | R5: 0 | S5: 0 | T5: 0 | U5: 0 | V5: 0 | W5: 0 | X5: 0 | Y5: 1 | Z5: 0 | AA5: 0 | AB5: 0 | AC5: 0.0961 | AD5: 335241
A6: 13284 | B6: 4223 | C6: 31 | D6: 2 | E6: 721 | F6: 1 | G6: 0.29 | H6: 9386 | I6: 37629 | J6: 12741 | K6: 72 | L6: 0 | M6: 1 | N6: 0 | O6: 1 | P6: 0 | Q6: 1 | R6: 1 | S6: 0 | T6: 0 | U6: 0 | V6: 0 | W6: 1 | X6: 1 | Y6: 0 | Z6: 0 | AA6: 1 | AB6: 0 | AC6: 0.0841 | AD6: 519841
A7: 8265 | B7: 4831 | C7: 53 | D7: 1 | E7: 602 | F7: 1 | G7: 0.56 | H7: 19522 | I7: 2911 | J7: 9798 | K7: 36 | L7: 0 | M7: 0 | N7: 1 | O7: 0 | P7: 0 | Q7: 1 | R7: 0 | S7: 0 | T7: 1 | U7: 0 | V7: 1 | W7: 0 | X7: 1 | Y7: 0 | Z7: 0 | AA7: 0 | AB7: 1 | AC7: 0.3136 | AD7: 362404
A8: 18850 | B8: 2768 | C8: 58 | D8: 0 | E8: 687 | F8: 0 | G8: 0.48 | H8: 14635 | I8: 8991 | J8: 26143 | K8: 24 | L8: 0 | M8: 0 | N8: 1 | O8: 0 | P8: 0 | Q8: 0 | R8: 0 | S8: 0 | T8: 1 | U8: 0 | V8: 0 | W8: 0 | X8: 1 | Y8: 0 | Z8: 0 | AA8: 1 | AB8: 0 | AC8: 0.2304 | AD8: 471969
A9: 6426 | B9: 3186 | C9: 47 | D9: 2 | E9: 636 | F9: 4 | G9: 0.34726316 | H9: 671 | I9: 11572 | J9: 33747 | K9: 84 | L9: 0 | M9: 0 | N9: 1 | O9: 0 | P9: 0 | Q9: 0 | R9: 0 | S9: 0 | T9: 0 | U9: 1 | V9: 0 | W9: 0 | X9: 0 | Y9: 0 | Z9: 0 | AA9: 1 | AB9: 0 | AC9: 0.1205917 | AD9: 404496
A10: 16423 | B10: 5082.4558 | C10: 54 | D10: 1 | E10: 729 | F10: 0 | G10: 0.59 | H10: 777 | I10: 43066 | J10: 34651 | K10: 36 | L10: 0 | M10: 0 | N10: 1 | O10: 0 | P10: 0 | Q10: 0 | R10: 0 | S10: 0 | T10: 1 | U10: 0 | V10: 1 | W10: 0 | X10: 1 | Y10: 0 | Z10: 0 | AA10: 1 | AB10: 0 | AC10: 0.3481 | AD10: 531441
A11: 13363 | B11: 2599 | C11: 35 | D11: 3 | E11: 726 | F11: 1 | G11: 0.34726316 | H11: 3022 | I11: 29693 | J11: 22182 | K11: 60 | L11: 0 | M11: 1 | N11: 0 | O11: 0 | P11: 0 | Q11: 1 | R11: 0 | S11: 0 | T11: 0 | U11: 1 | V11: 0 | W11: 0 | X11: 0 | Y11: 1 | Z11: 0 | AA11: 0 | AB11: 0 | AC11: 0.1205917 | AD11: 527076
A12: 18023 | B12: 4033 | C12: 52 | D12: 2 | E12: 688 | F12: 1 | G12: 0.13 | H12: 18244 | I12: 40004 | J12: 10415 | K12: 12 | L12: 1 | M12: 1 | N12: 1 | O12: 0 | P12: 0 | Q12: 0 | R12: 0 | S12: 1 | T12: 0 | U12: 0 | V12: 0 | W12: 1 | X12: 0 | Y12: 0 | Z12: 1 | AA12: 0 | AB12: 0 | AC12: 0.0169 | AD12: 473344
A13: 10322 | B13: 8428 | C13: 41 | D13: 1 | E13: 743 | F13: 4 | G13: 0.23 | H13: 9940.4526 | I13: 38333 | J13: 12085 | K13: 84 | L13: 0 | M13: 1 | N13: 0 | O13: 1 | P13: 0 | Q13: 0 | R13: 1 | S13: 0 | T13: 0 | U13: 0 | V13: 1 | W13: 0 | X13: 1 | Y13: 1 | Z13: 0 | AA13: 0 | AB13: 0 | AC13: 0.0529 | AD13: 552049
... A1001: 13093 | B1001: 2385 | C1001: 23 | D1001: 1 | E1001: 613 | F1001: 3 | G1001: 0.32 | H1001: 12436 | I1001: 25816 | J1001: 35818 | K1001: 48 | L1001: 0 | M1001: 0 | N1001: 1 | O1001: 0 | P1001: 0 | Q1001: 0 | R1001: 0 | S1001: 0 | T1001: 0 | U1001: 1 | V1001: 1 | W1001: 0 | X1001: 1 | Y1001: 0 | Z1001: 0 | AA1001: 1 | AB1001: 0 | AC1001: 0.1024 | AD1001: 375769
